question_id,question,answer
1,"What is an emergency fund, and how do I build one?","An emergency fund is like a financial safety net for unexpected expenses, like if your car breaks down or you lose your job. Aim to save enough to cover 3-6 months of living expenses. Start small, and regularly put a bit of money into this fund."
2,What is the difference between a debit card and a credit card?," A debit card is a tool used to access funds in your checking account. You can only make purchases with a debit card that are covered by the amount of money currently in your account, A credit card is a type of short-term loan. You can spend up to your credit limit whether you currently have the money or not. If you do not pay your credit card bill in full at the end of the month you will start accruing interest"
3,"How should you decide which debts to pay off first?
","If you are trying to pay off debt, there are two common strategies. The snowball method focuses on paying off the smallest loan amounts first in order to reduce your total number of debts and build momentum. The debt avalanche method focuses on paying off the debt with the highest interest rate first, saving you money on interest payments. In both scenarios, you continue to make on-time payments for all your debts but channel extra funds into the debt you have chosen to pay off first. The best strategy for paying down debt is the one that you are motivated to stick with over time."
4,How much money should you have in an emergency fund?,"An emergency fund is an important part of your financial toolbox and should contain enough savings to cover 3 months’ worth of bills. Should you become unable to work, need major repairs to your home or car, or incur a large medical bill, your emergency fund is in place to avoid disaster. For even more security, experts recommend saving enough money to cover 6 months’ worth of expenses. The easiest way to start an emergency fund is by opening a savings account and direct depositing a portion of your paycheck each month."
5,Should you store all your money in a single bank account?,"There is no such thing as a one-size-fits-all bank account. Not only does diversification across multiple accounts minimize your risk, it also maximize your returns. For example, if you keep all your money in a checking account, you lose the benefit of earning interest in a high yield savings account. Keeping too much in savings can lead to excessive fees for withdrawals. A healthy financial portfolio features a diverse collection of accounts, each providing a specific service."
6,What is financial Literacy?,"Financial literacy is the ability to understand and manage various aspects of personal finance, including budgeting, saving, investing, and making informed decisions about money. It's about gaining the knowledge and skills needed to navigate the financial complexities of daily life."
7,How Do stocks Work?,"Stocks represent ownership in a company. When you buy a stock, you become a shareholder, which means you own a piece of that company. Stocks are bought and sold on stock exchanges, like the New York Stock Exchange (NYSE) or NASDAQ. The value of a stock can go up or down based on various factors, including the company's performance, economic conditions, and investor sentiment. Investors often buy stocks with the hope that the stock's value will increase over time, allowing them to sell it at a profit."
8,How Much Money Can You live On?,"The amount of money you need to live on depends on your lifestyle, location, and financial goals. Basic necessities like housing, food, transportation, and healthcare vary in cost depending on where you live. Creating a budget that covers your essential expenses and provides for your financial goals, such as saving for the future, is essential. It's a personal choice, and it's important to strike a balance between your needs and your financial aspirations. Planning and budgeting can help you determine how much money you need to achieve the lifestyle you want."
9,What are the best ways to track my spending?,"You can track your spending by writing it down, using a spreadsheet, or a budgeting app on your phone."
10,What is a savings account?,"A savings account is simply a place for you to put your money and earn some interest.

Savings interest will be paid to you tax-free and most savers won't pay any tax on the interest they earn. Basic-rate taxpayers can earn £1,000 a year in interest tax-free, and higher-rate taxpayers £500, because of the personal savings allowance."
11,What is a current account?,"A current account is a type of bank account which keeps your money secure and helps you manage your finances. It gives you an easy way to make payments to others (for example, standing orders and Direct Debits) and have people pay you (for example, your employer). You'll also get a debit card, which allows you to make payments and withdraw cash from a cash machine."
12,How do I open a current account?,"Opening a current account is an easy process which usually plays out in the following way:

You complete an application form. This can be done most simply online, though many banks do allow you to open an account in person or over the phone if you prefer. It'll ask you a number of questions regarding your personal and financial circumstances, and usually takes around 10 minutes to complete. Sometimes there could be extra steps – such as supplying ID or payslips – although this is rare.

You agree to the bank credit-checking you. This is regardless of whether or not you request an overdraft – most banks use information from credit reference agencies to confirm that you are who you say you are. This may seem unnecessary, but banks are legally bound to ensure they do not facilitate money laundering, and establishing a customer's true identity helps them to do that."
13,What is an ISA / Individual Savings Account?,"An Individual Savings Account helps you to save and invest tax efficiently.
There are four different kinds of ISA:  a cash ISA, a stocks and shares ISA, a Lifetime ISA, an innovative finance ISA.
You can subscribe to the four types of ISA in lots of combinations, as long as you do not exceed the annual ISA allowance, currently £20,000. 
To apply for a cash ISA you must be at least 18 and a resident in the UK for tax purposes."
14,How long is your money locked away for in a savings account?,It’s up to you. Variable rate cash ISAs offer savers instant access to their money. Fixed rate ISAs normally offer savers a higher rate of interest if you can lock your savings away for 2 years or more (withdrawal charges will apply). Stocks and shares ISAs allow you to have access to your money at any time but they may be more appropriate if you are looking to invest for a period of 5 to 10 years.
15,What is an overdraft?,"An overdraft lets you borrow extra money through your current account. For example, if you have no money left in your account and you spend £30, your balance would be -£30. This means you’re using an overdraft.

An overdraft is a form of debt and is repayable on demand. Always make sure you have enough money in your current account, or a suitable arranged overdraft limit in place before any payments are due to come out of your account."
16,"How should I prepare financially for retirement?
","Preparing for retirement means saving and investing wisely. Maximize your retirement account contributions, especially if your employer offers matching contributions. Pay down debts, and consider your retirement lifestyle and the expenses it will involve. It's also wise to plan for healthcare costs."
17,What is a mortgage?,"A mortgage is kind of loan you can use to help you buy property. The average mortgage lasts for 25 years – although they can range from six months to 40 years – during which you’ll make monthly repayments. It’s secured against your home, which means you may lose your home if you can’t keep up with the repayments."
18,What is cryptocurrency?,"A digital currency produced by a public network, rather than any government, that uses cryptography to make sure payments are sent and received safely:"
19,Is there a difference between a loan and a line of credit?,"Car loans, mortgages, and student loans all have one thing in common – they provide a lump sum payment to cover a large purchase. You immediately begin accruing interest on the full amount of the loan. A line of credit establishes a maximum loan amount and allows you to make withdrawals in various amounts over a certain period. A home equity line of credit, for example, allows you to pay for renovations as the work progresses and only charges you interest on the amounts spent. A credit line is like a credit card, while a loan is a one-time money distribution."
20,Simple vs. Compound Interest,"Simple Interest: Calculated annually on the amount you deposit or owe.

Compound Interest: Interest earned is added to the principal, forming a new base on which the next round of interest is calculated. This can accrue daily, monthly, or quarterly."
21,What is a debt consolidation loan?,"This type of loan pays off your existing debt elsewhere – for example, a large overdraft, store and credit cards or other personal loans - and turns it into one new monthly payment.

A debt consolidation loan won’t reduce the amount that you owe, but it can help you to manage what you owe in a simpler way. However, if you can get a loan at a lower rate of interest than those on your previous debts, it could work out cheaper too."
22,What is a pension and how does it work?,"A pension is a tax-efficient way of saving money for your retirement.

There are different types of pension. One of the most common is a workplace pension, where both you and your employer save (or contribute) into a pension. You may also have a personal or private pension that you've set up for yourself. You can save into several different pensions, as long as you stay within your annual and lifetime limits.

To encourage you to save into your pension, the government also adds money to them through pension tax relief.  "
23,When can I take money out of my pension?,"You can usually only take money out of a workplace or personal pension once you’re 55 or older (rising to 57 from April 2028). 

You can’t start claiming your State Pension before you reach State Pension age. That’s 66 right now, rising to 67 and then finally to 68 by 2028. But depending on your needs and circumstances you might be able to access other state benefits."
24,Is it advisable to pay the minimum balance on a credit card?,"While paying the full statement balance is preferred, there may be times when you can only make the minimum payment. For those situations, it can be OK to only pay the minimum — but not long term. Once you have the funds available to cover your balance, pay it off in full. At the very least, you should try to pay more than the minimum, even if you can’t afford the full balance."
25,How can I invest with little money?,"Begin by contributing to your employer’s retirement plan, especially if they match contributions. You can also start investing in low-cost index funds or ETFs, which provide broad market exposure with minimal fees. Apps like Robinhood or Acorns allow you to start with small amounts."
26,How should I create a budget?,"Start by tracking your income and expenses. Categorize your spending (e.g., housing, food, transportation, entertainment) and aim to spend less than you earn. Many follow the 50/30/20 rule:

        •        50% of your income for needs (housing, utilities, groceries)
        •        30% for wants (entertainment, dining out)
        •        20% for savings and debt repayment.
"
27,How can I pay off debt efficiently?,"Two popular methods are the “debt avalanche” and “debt snowball”:

        •        Debt Avalanche: Pay off the debt with the highest interest rate first while making minimum payments on other debts.
        •        Debt Snowball: Pay off the smallest debt first for quick wins, then move to the next smallest while paying minimums on others.
"
28,How do I improve my credit score?,"To improve your credit score:

        •        Pay bills on time.
        •        Keep credit card balances low relative to your credit limits (ideally under 30% of your limit).
        •        Don’t close old credit accounts.
        •        Limit new credit inquiries.
        •        Regularly check your credit report for errors.
"
29,"What are premium bonds, and are they a good investment?","Premium Bonds are a government-backed savings product from NS&I. Instead of earning interest, bondholders enter a monthly prize draw. Though it’s risk-free, returns are not guaranteed and depend on luck, making them less suitable for those seeking steady income."
30,What’s the best way to pay off student loans in the UK?,"Student loans in the UK have income-based repayment plans. You only repay 9% of your income above a certain threshold. For most, there’s no need to overpay unless you expect to repay your entire loan before the 30-year cut-off, as remaining debt is wiped after this period."
31,How does inheritance tax work in the UK?,"Inheritance Tax (IHT) is charged at 40% on estates above the nil-rate band of £325,000. You can reduce IHT by gifting assets during your lifetime, setting up trusts, or using the residence nil-rate band for passing on a home to direct descendants."
32,What is a stocks and shares ISA in the UK?,"A Stocks & Shares ISA is a tax-efficient investment account allowing you to invest up to £20,000 per tax year in assets like shares, bonds, and funds. All returns (capital gains, dividends, interest) are tax-free. It’s best for long-term investing (5+ years), offering higher growth potential than Cash ISAs but comes with the risk that investments may lose value. Choose a platform, select your investments, and start contributing within your allowance."
33,What’s the best way to invest in the UK?,"For beginners, start with a Stocks & Shares ISA for tax efficiency. Consider low-cost index funds or exchange-traded funds (ETFs) to diversify your investments. Always aim for long-term growth and seek financial advice if unsure."
34,Should I buy or rent a house?,"This depends on your financial situation, local market, and long-term plans. Generally, buying makes sense if you plan to stay 5+ years and can afford the costs."
35,What type of life insurance do I need?,"For most people, term life insurance is sufficient and cost-effective. The amount should cover your dependents' needs if you're no longer providing income."
36,Should I refinance my mortgage?,"Consider refinancing if you can lower your interest rate by at least 0.75-1%, you plan to stay in your home long enough to recoup closing costs, or you need to change your loan terms."
37,How do I choose between stocks and mutual funds?,Individual stocks offer more control but require more research and carry more risk. Mutual funds offer diversification and professional management but have fees.
38,Should I lease or buy a car?,"Buying typically costs less in the long run and provides ownership. Leasing offers lower monthly payments and the ability to drive a new car more often, but with mileage restrictions. Reference: Consumer Reports. ""Leasing vs. Buying a New Car"""
39,What is compound interest and why is it important?,Compound interest is when you earn interest on both your initial investment and the interest it has already earned. It's important because it can significantly grow your savings over time.
40,What is credit and why is it important?,"Credit is the ability to borrow money or access goods or services with the understanding that you'll pay later. Good credit can help you qualify for loans, credit cards, and even rentals at better rates."
41,What is inflation and how does it affect my money?,"Inflation is the rate at which the general level of prices for goods and services is rising. It reduces the purchasing power of your money over time, which is why it's important for savings to grow at a rate that at least matches inflation."
42,What's the difference between gross and net income?,"Gross income is your total earnings before any deductions (like taxes or insurance). Net income, or take-home pay, is what you actually receive after all deductions."
43,What is a credit score and why is it important?,A credit score is a number that represents your creditworthiness. It's important because lenders use it to decide whether to approve you for loans or credit cards and at what interest rates.
44,What is an interest rate?,"An interest rate is the percentage of a loan or savings account that is charged or earned, respectively. For loans, it's the cost of borrowing money. For savings, it's what you earn on your deposits."
45,What is the stock market?,The stock market is where shares of publicly held companies are bought and sold. It's a way for companies to raise money and for investors to own a piece of a business.
46,What is a bank statement?,"A bank statement is an official document that summarizes your bank account activity over a specific period of time. It typically provides a detailed breakdown of all money movements in your account, such as deposits, withdrawals, transfers, and other charges or credits."
47,What is a transaction fee?,"A transaction fee is a charge that's assessed for each financial transaction you make. It's typically a percentage of the transaction amount or a flat fee.   

Here are some common examples of transaction fees:

ATM fees: Charges for using an ATM that's not affiliated with your bank.   
Foreign transaction fees: Charges for using your debit or credit card in a foreign country.   
Overdraft fees: Charges for overdrawing your checking account.   
Transfer fees: Charges for transferring money between accounts or to other institutions.   
Online payment fees: Charges for processing payments through online platforms.   
Transaction fees can vary depending on the financial institution, the type of transaction, and the specific terms and conditions of your account."
48,What is a chargeback?,"A chargeback is a process initiated by a cardholder to dispute a transaction on their credit or debit card. It typically occurs when the cardholder believes they didn't receive the goods or services they paid for, or if the transaction was fraudulent."
49,What is insurance and why is it important?,"1. What is Insurance?
Insurance is a financial safety net that helps you recover after events like fire, theft, or accidents. When you purchase insurance, you receive a policy—a contract between you and the insurer—that covers specific losses. While you hope never to need it, insurance prevents financial hardship after unexpected events.

2. Why is Insurance Important??
Insurance provides financial support after accidents or disasters, helping you recover faster and keeping your life on track. Life insurance can secure your family's future, while auto insurance can cover repairs or replacement vehicles. Some policies also offer perks like roadside assistance, and in certain cases, insurance is legally required."
50,How can I improve my financial literacy?,"1. Subscribe to financial newsletters – Stay updated on the latest trends and insights in personal finance.
2. Listen to financial podcasts – Learn from experts while on the go, gaining valuable tips and strategies.
3. Read personal finance books – Deepen your understanding of money management and long-term wealth-building.
4. Leverage social media – Follow credible financial experts for quick, daily tips and updates.
5. Consult a financial professional – Get personalized advice to create tailored strategies for your financial goals."